伊勢崎線,Tobu.Isesaki
亀戸線,Tobu.Kameid
鬼怒川線,Tobu.Kinugawa
桐生線,Tobu.Kiryu
小泉線,Tobu.Koizumi
越生線,Tobu.Ogose
佐野線,Tobu.Sano
東武スカイツリーライン,Tobu.TobuSkytree
スカイツリーライン,Tobu.TobuSkytree
東武アーバンパークライン,Tobu.TobuUrbanPark
アーバンパークライン,Tobu.TobuUrbanPark
野田線,Tobu.TobuUrbanPark
東上線,Tobu.Tojo
池袋線,Seibu.Ikebukuro
秩父線,Seibu.SeibuChichibu
豊島線,Seibu.Toshima
狭山線,Seibu.Sayama
新宿線,Seibu.Shinjuku
拝島線,Seibu.Haijima
多摩湖線,Seibu.Tamako
国分寺線,Seibu.Kokubunji
西武園線,Seibu.Seibuen
山口線,Seibu.Yamaguchi
押上線,Keisei.KeiseiOshiage
金町線,Keisei.Kanamachi
千葉線･千原線,Keisei.ChibaChihara
成田スカイアクセス線,Keisei.NaritaSkyAccess
相模原線,Keio.Sagamihara
競馬場線,Keio.Keibajo
動物園線,Keio.Dobutsuen
高尾線,Keio.Takao
井の頭線,Keio.Inokashira
大井町線,Tokyu.Oimachi
東横線,Tokyu.Toyoko
田園都市線,Tokyu.DenEnToshi
目黒線,Tokyu.Meguro
池上線,Tokyu.Ikegami
世田谷線,Tokyu.Setagaya
こどもの国線,Tokyu.Kodomonokuni
空港線,Keikyu.Airport
逗子線,Keikyu.Zushi
久里浜線,Keikyu.Kurihama
銀座線,TokyoMetro.Ginza
丸ノ内線,TokyoMetro.Marunouchi
日比谷線,TokyoMetro.Hibiya
東西線,TokyoMetro.Tozai
千代田線,TokyoMetro.Chiyoda
有楽町線,TokyoMetro.Yurakucho
半蔵門線,TokyoMetro.Hanzomon
南北線,TokyoMetro.Namboku
副都心線,TokyoMetro.Fukutoshin
小田急小田原線,Odakyu
小田急江ノ島線,Odakyu
JR線,JR-East
東京モノレール,TokyoMonorail.HanedaAirport